{
    "MEGCoordinateSystem": "ElektaNeuromag",
    "MEGCoordinateUnits": "m",
    "MEGCoordinateSystemDescription": "RAS orientation and the origin between the ears",
    "HeadCoilCoordinates": {
        "NAS": [
            8.941847262633473e-10,
            0.09827974438667297,
            -2.101218310457398e-09
        ],
        "LPA": [
            -0.071958988904953,
            1.150994144438755e-08,
            -4.6104262629853565e-09
        ],
        "RPA": [
            0.07634162902832031,
            3.256669600659734e-09,
            -6.257354634442436e-09
        ],
        "coil1": [
            0.04309001564979553,
            0.09611090272665024,
            0.051909189671278
        ],
        "coil2": [
            0.08033793419599533,
            -0.006975919473916292,
            0.028435101732611656
        ],
        "coil3": [
            -0.0813913568854332,
            0.002648870227858424,
            0.03227050602436066
        ],
        "coil4": [
            -0.029558800160884857,
            0.10027328878641129,
            0.05502284690737724
        ]
    },
    "HeadCoilCoordinateSystem": "ElektaNeuromag",
    "HeadCoilCoordinateUnits": "m",
    "AnatomicalLandmarkCoordinates": {
        "NAS": [
            8.941847262633473e-10,
            0.09827974438667297,
            -2.101218310457398e-09
        ],
        "LPA": [
            -0.071958988904953,
            1.150994144438755e-08,
            -4.6104262629853565e-09
        ],
        "RPA": [
            0.07634162902832031,
            3.256669600659734e-09,
            -6.257354634442436e-09
        ],
        "coil1": [
            0.04309001564979553,
            0.09611090272665024,
            0.051909189671278
        ],
        "coil2": [
            0.08033793419599533,
            -0.006975919473916292,
            0.028435101732611656
        ],
        "coil3": [
            -0.0813913568854332,
            0.002648870227858424,
            0.03227050602436066
        ],
        "coil4": [
            -0.029558800160884857,
            0.10027328878641129,
            0.05502284690737724
        ]
    },
    "AnatomicalLandmarkCoordinateSystem": "ElektaNeuromag",
    "AnatomicalLandmarkCoordinateUnits": "m"
}
