onset	duration	trial_type
0.020281408450728122	35.979218591549284	MoveL
