{
    "MEGCoordinateSystem": "ElektaNeuromag",
    "MEGCoordinateUnits": "m",
    "MEGCoordinateSystemDescription": "RAS orientation and the origin between the ears",
    "HeadCoilCoordinates": {
        "NAS": [
            -2.0007977497016327e-09,
            0.11220671981573105,
            -3.0102238479656762e-09
        ],
        "LPA": [
            -0.08328618109226227,
            2.524336117915027e-08,
            2.2822637113506516e-09
        ],
        "RPA": [
            0.08239194750785828,
            4.485675830778746e-09,
            2.648389729742462e-09
        ],
        "coil1": [
            0.02231348119676113,
            0.11642506718635559,
            0.05427135154604912
        ],
        "coil2": [
            0.08749741315841675,
            -0.0017020608065649867,
            0.03763474524021149
        ],
        "coil3": [
            -0.08830104023218155,
            0.0014572837390005589,
            0.03846094384789467
        ],
        "coil4": [
            -0.022115394473075867,
            0.11447596549987793,
            0.05826812982559204
        ]
    },
    "HeadCoilCoordinateSystem": "ElektaNeuromag",
    "HeadCoilCoordinateUnits": "m",
    "AnatomicalLandmarkCoordinates": {
        "NAS": [
            -2.0007977497016327e-09,
            0.11220671981573105,
            -3.0102238479656762e-09
        ],
        "LPA": [
            -0.08328618109226227,
            2.524336117915027e-08,
            2.2822637113506516e-09
        ],
        "RPA": [
            0.08239194750785828,
            4.485675830778746e-09,
            2.648389729742462e-09
        ],
        "coil1": [
            0.02231348119676113,
            0.11642506718635559,
            0.05427135154604912
        ],
        "coil2": [
            0.08749741315841675,
            -0.0017020608065649867,
            0.03763474524021149
        ],
        "coil3": [
            -0.08830104023218155,
            0.0014572837390005589,
            0.03846094384789467
        ],
        "coil4": [
            -0.022115394473075867,
            0.11447596549987793,
            0.05826812982559204
        ]
    },
    "AnatomicalLandmarkCoordinateSystem": "ElektaNeuromag",
    "AnatomicalLandmarkCoordinateUnits": "m"
}
