onset	duration	trial_type
0.0	41.713023661971874	MoveL
69.70125042253517	66.64192535211282	MoveL
