{
    "MEGCoordinateSystem": "ElektaNeuromag",
    "MEGCoordinateUnits": "m",
    "MEGCoordinateSystemDescription": "RAS orientation and the origin between the ears",
    "HeadCoilCoordinates": {
        "NAS": [
            -1.0998782329352252e-08,
            0.10566268861293793,
            -5.350507592538634e-09
        ],
        "LPA": [
            -0.07637009024620056,
            -9.321761140768103e-09,
            -2.5561650573990846e-09
        ],
        "RPA": [
            0.07613841444253922,
            -2.676728527717387e-08,
            -4.695767330531453e-09
        ],
        "coil1": [
            0.04023795202374458,
            0.10162527114152908,
            0.06735709309577942
        ],
        "coil2": [
            0.08463367819786072,
            -0.004030019044876099,
            0.029784003272652626
        ],
        "coil3": [
            -0.08762820810079575,
            -0.00694178557023406,
            0.03305700048804283
        ],
        "coil4": [
            -0.030755579471588135,
            0.10378775000572205,
            0.06335899978876114
        ]
    },
    "HeadCoilCoordinateSystem": "ElektaNeuromag",
    "HeadCoilCoordinateUnits": "m",
    "AnatomicalLandmarkCoordinates": {
        "NAS": [
            -1.0998782329352252e-08,
            0.10566268861293793,
            -5.350507592538634e-09
        ],
        "LPA": [
            -0.07637009024620056,
            -9.321761140768103e-09,
            -2.5561650573990846e-09
        ],
        "RPA": [
            0.07613841444253922,
            -2.676728527717387e-08,
            -4.695767330531453e-09
        ],
        "coil1": [
            0.04023795202374458,
            0.10162527114152908,
            0.06735709309577942
        ],
        "coil2": [
            0.08463367819786072,
            -0.004030019044876099,
            0.029784003272652626
        ],
        "coil3": [
            -0.08762820810079575,
            -0.00694178557023406,
            0.03305700048804283
        ],
        "coil4": [
            -0.030755579471588135,
            0.10378775000572205,
            0.06335899978876114
        ]
    },
    "AnatomicalLandmarkCoordinateSystem": "ElektaNeuromag",
    "AnatomicalLandmarkCoordinateUnits": "m"
}
