onset	duration	trial_type
16.19168422535222	67.75081774647879	HoldL
