onset	duration	trial_type
0.0	300.0	rest
137.52098478873245	4.800040000000081	bad_lfp
309.7325000000001	73.93149999999997	HoldL
418.56999999999994	62.76600000000002	HoldL
506.75800000000004	63.806499999999915	HoldL
585.5127971830984	4.9014492957746825	bad_lfp
600.328	63.77099999999996	HoldL
683.6848366197182	57.692835492957784	HoldL
