{
    "MEGCoordinateSystem": "ElektaNeuromag",
    "MEGCoordinateUnits": "m",
    "MEGCoordinateSystemDescription": "RAS orientation and the origin between the ears",
    "HeadCoilCoordinates": {
        "NAS": [
            1.1638883634645936e-08,
            0.10121799260377884,
            3.481285482109797e-09
        ],
        "LPA": [
            -0.07672248035669327,
            -4.919693097349409e-09,
            5.41099876016915e-09
        ],
        "RPA": [
            0.07404318451881409,
            -1.803450544457519e-08,
            2.5323352303985303e-09
        ],
        "coil1": [
            0.036833085119724274,
            0.10303249210119247,
            0.061709657311439514
        ],
        "coil2": [
            0.08079200237989426,
            -0.0017817215994000435,
            0.03405207023024559
        ],
        "coil3": [
            -0.08411028236150742,
            -0.0013421876356005669,
            0.03242393583059311
        ],
        "coil4": [
            -0.03484664484858513,
            0.10274691134691238,
            0.060957614332437515
        ]
    },
    "HeadCoilCoordinateSystem": "ElektaNeuromag",
    "HeadCoilCoordinateUnits": "m",
    "AnatomicalLandmarkCoordinates": {
        "NAS": [
            1.1638883634645936e-08,
            0.10121799260377884,
            3.481285482109797e-09
        ],
        "LPA": [
            -0.07672248035669327,
            -4.919693097349409e-09,
            5.41099876016915e-09
        ],
        "RPA": [
            0.07404318451881409,
            -1.803450544457519e-08,
            2.5323352303985303e-09
        ],
        "coil1": [
            0.036833085119724274,
            0.10303249210119247,
            0.061709657311439514
        ],
        "coil2": [
            0.08079200237989426,
            -0.0017817215994000435,
            0.03405207023024559
        ],
        "coil3": [
            -0.08411028236150742,
            -0.0013421876356005669,
            0.03242393583059311
        ],
        "coil4": [
            -0.03484664484858513,
            0.10274691134691238,
            0.060957614332437515
        ]
    },
    "AnatomicalLandmarkCoordinateSystem": "ElektaNeuromag",
    "AnatomicalLandmarkCoordinateUnits": "m"
}
