{
    "MEGCoordinateSystem": "ElektaNeuromag",
    "MEGCoordinateUnits": "m",
    "MEGCoordinateSystemDescription": "RAS orientation and the origin between the ears",
    "HeadCoilCoordinates": {
        "NAS": [
            1.847877229010919e-08,
            0.09878801554441452,
            3.3384708331141155e-09
        ],
        "LPA": [
            -0.06602691859006882,
            -1.4983584151195828e-08,
            -5.904187361238655e-09
        ],
        "RPA": [
            0.06980976462364197,
            6.9515522227447946e-09,
            7.167262339180525e-10
        ],
        "coil1": [
            0.020067483186721802,
            0.10481484979391098,
            0.056058719754219055
        ],
        "coil2": [
            0.07796881347894669,
            0.0027850319165736437,
            0.030367562547326088
        ],
        "coil3": [
            -0.07454076409339905,
            0.007327606435865164,
            0.028521226719021797
        ],
        "coil4": [
            -0.031265560537576675,
            0.10017415881156921,
            0.058002769947052
        ]
    },
    "HeadCoilCoordinateSystem": "ElektaNeuromag",
    "HeadCoilCoordinateUnits": "m",
    "AnatomicalLandmarkCoordinates": {
        "NAS": [
            1.847877229010919e-08,
            0.09878801554441452,
            3.3384708331141155e-09
        ],
        "LPA": [
            -0.06602691859006882,
            -1.4983584151195828e-08,
            -5.904187361238655e-09
        ],
        "RPA": [
            0.06980976462364197,
            6.9515522227447946e-09,
            7.167262339180525e-10
        ],
        "coil1": [
            0.020067483186721802,
            0.10481484979391098,
            0.056058719754219055
        ],
        "coil2": [
            0.07796881347894669,
            0.0027850319165736437,
            0.030367562547326088
        ],
        "coil3": [
            -0.07454076409339905,
            0.007327606435865164,
            0.028521226719021797
        ],
        "coil4": [
            -0.031265560537576675,
            0.10017415881156921,
            0.058002769947052
        ]
    },
    "AnatomicalLandmarkCoordinateSystem": "ElektaNeuromag",
    "AnatomicalLandmarkCoordinateUnits": "m"
}
