onset	duration	trial_type
0.0	300.0	rest
119.5	1.0	bad_lfp
232.5	1.0	bad_lfp
303.8495	62.533000000000015	MoveR
406.755	65.9610760563379	MoveR
512.535	60.99350000000004	MoveR
605.0495	60.4704999999999	MoveR
707.8960532394366	65.31964422535214	MoveR
