onset	duration	trial_type
0.0	300.0	rest
264.5	1.0	bad_lfp
305.6155	61.65699999999998	HoldR
407.14	62.748500000000035	HoldR
505.7125	67.52350000000001	HoldR
605.5105	63.56600000000003	HoldR
702.2292777464788	63.452617183098596	HoldR
