onset	duration	trial_type
0.0	7.529465915493006	MoveR
22.911632394366165	3.384456901408498	MoveR
