onset	duration	trial_type
0.0	300.0	rest
62.0	11.0	bad_lfp
310.3625	66.84499999999997	MoveL
410.31551887323945	67.1346084507042	MoveL
505.0015000000001	65.6678887323942	MoveL
605.9205	64.07600000000002	MoveL
691.5060673239436	62.12091098591554	MoveL
720.2638760563381	3.88729154929581	bad_lfp
729.5933757746479	8.45063380281681	bad_lfp
743.8242430985915	4.056304225352164	bad_lfp
750.7199602816902	4.428132112676053	bad_lfp
