{
    "MEGCoordinateSystem": "ElektaNeuromag",
    "MEGCoordinateUnits": "m",
    "MEGCoordinateSystemDescription": "RAS orientation and the origin between the ears",
    "HeadCoilCoordinates": {
        "NAS": [
            5.552194259905718e-09,
            0.09911993891000748,
            1.988943232333895e-09
        ],
        "LPA": [
            -0.07454536110162735,
            1.2684091998949043e-08,
            -3.6048932727794636e-09
        ],
        "RPA": [
            0.07514611631631851,
            3.0733755096434834e-08,
            -3.8274929892168075e-09
        ],
        "coil1": [
            0.0290306955575943,
            0.09811609238386154,
            0.062100064009428024
        ],
        "coil2": [
            0.08156422525644302,
            -0.0034678876399993896,
            0.04139580950140953
        ],
        "coil3": [
            -0.08242451399564743,
            -0.004779895301908255,
            0.033291127532720566
        ],
        "coil4": [
            -0.026535535231232643,
            0.09890102595090866,
            0.06382422894239426
        ]
    },
    "HeadCoilCoordinateSystem": "ElektaNeuromag",
    "HeadCoilCoordinateUnits": "m",
    "AnatomicalLandmarkCoordinates": {
        "NAS": [
            5.552194259905718e-09,
            0.09911993891000748,
            1.988943232333895e-09
        ],
        "LPA": [
            -0.07454536110162735,
            1.2684091998949043e-08,
            -3.6048932727794636e-09
        ],
        "RPA": [
            0.07514611631631851,
            3.0733755096434834e-08,
            -3.8274929892168075e-09
        ],
        "coil1": [
            0.0290306955575943,
            0.09811609238386154,
            0.062100064009428024
        ],
        "coil2": [
            0.08156422525644302,
            -0.0034678876399993896,
            0.04139580950140953
        ],
        "coil3": [
            -0.08242451399564743,
            -0.004779895301908255,
            0.033291127532720566
        ],
        "coil4": [
            -0.026535535231232643,
            0.09890102595090866,
            0.06382422894239426
        ]
    },
    "AnatomicalLandmarkCoordinateSystem": "ElektaNeuromag",
    "AnatomicalLandmarkCoordinateUnits": "m"
}
