onset	duration	trial_type
0.0	300.0	rest
139.0	3.0	bad_lfp
241.0	6.0	bad_lfp
249.0	12.0	bad_lfp
402.27	67.27650000000006	HoldR
501.15049999999997	60.375	HoldR
536.8486554929578	16.15788112676057	bad_lfp
558.2122138028169	7.74090957746489	bad_lfp
579.0073216901409	10.073323380281636	bad_lfp
587.7995	64.58799999999997	HoldR
671.8805	67.78950000000009	HoldR
675.758494084507	4.1239780281691765	bad_lfp
721.9282309859154	5.4422988732394515	bad_lfp
760.9002374647887	64.78165746478885	HoldR
