{
    "MEGCoordinateSystem": "ElektaNeuromag",
    "MEGCoordinateUnits": "m",
    "MEGCoordinateSystemDescription": "RAS orientation and the origin between the ears",
    "HeadCoilCoordinates": {
        "NAS": [
            -4.807265696626928e-10,
            0.0996680036187172,
            3.3398963594777342e-09
        ],
        "LPA": [
            -0.07278421521186829,
            7.031006887814328e-09,
            7.305436255933273e-10
        ],
        "RPA": [
            0.0776398703455925,
            -8.137668316976487e-09,
            9.056684291408601e-10
        ],
        "coil1": [
            0.030795609578490257,
            0.10382386296987534,
            0.049602750688791275
        ],
        "coil2": [
            0.08515828847885132,
            -0.011308769695460796,
            0.03220478072762489
        ],
        "coil3": [
            -0.07779287546873093,
            -0.0037214308977127075,
            0.031678397208452225
        ],
        "coil4": [
            -0.020920908078551292,
            0.10689103603363037,
            0.05539586767554283
        ]
    },
    "HeadCoilCoordinateSystem": "ElektaNeuromag",
    "HeadCoilCoordinateUnits": "m",
    "AnatomicalLandmarkCoordinates": {
        "NAS": [
            -4.807265696626928e-10,
            0.0996680036187172,
            3.3398963594777342e-09
        ],
        "LPA": [
            -0.07278421521186829,
            7.031006887814328e-09,
            7.305436255933273e-10
        ],
        "RPA": [
            0.0776398703455925,
            -8.137668316976487e-09,
            9.056684291408601e-10
        ],
        "coil1": [
            0.030795609578490257,
            0.10382386296987534,
            0.049602750688791275
        ],
        "coil2": [
            0.08515828847885132,
            -0.011308769695460796,
            0.03220478072762489
        ],
        "coil3": [
            -0.07779287546873093,
            -0.0037214308977127075,
            0.031678397208452225
        ],
        "coil4": [
            -0.020920908078551292,
            0.10689103603363037,
            0.05539586767554283
        ]
    },
    "AnatomicalLandmarkCoordinateSystem": "ElektaNeuromag",
    "AnatomicalLandmarkCoordinateUnits": "m"
}
