onset	duration	trial_type
0.0	300.0	rest
305.24	71.82999999999998	MoveR
390.0507715492958	3.4479160563380447	bad_flp
403.37	61.478999999999985	MoveR
492.2405	64.11700000000008	MoveR
498.43264028169017	9.32965521126755	bad_flp
578.991	71.8565000000001	MoveR
582.8585005633803	2.535232394366176	bad_flp
662.0010983098591	7.064847605633759	bad_flp
689.6516107042253	72.31408676056344	MoveR
