onset	duration	trial_type
0.0	286.0	rest
311.9263549295774	90.90214507042265	HoldL
423.26099999999997	68.16100000000006	HoldL
515.9924999999998	77.74499999999989	HoldL
630.9975	69.03650000000005	HoldL
724.667267887324	93.48082450704214	HoldL
