onset	duration	trial_type
0.0	300.0	rest
304.44518450704226	61.49981549295774	MoveL
396.0130340845071	68.1784659154929	MoveL
491.2403281690141	66.57417183098585	MoveL
589.2138830985915	73.90463408450705	MoveL
692.8409594366196	69.32074845070429	MoveL
