{
    "MEGCoordinateSystem": "ElektaNeuromag",
    "MEGCoordinateUnits": "m",
    "MEGCoordinateSystemDescription": "RAS orientation and the origin between the ears",
    "HeadCoilCoordinates": {
        "NAS": [
            3.980475948850426e-09,
            0.10669584572315216,
            2.9841462634294658e-09
        ],
        "LPA": [
            -0.07242956012487411,
            8.02608646210956e-09,
            1.116577852400269e-08
        ],
        "RPA": [
            0.07765253633260727,
            1.164882235116238e-08,
            1.3795791176107741e-08
        ],
        "coil1": [
            0.029952699318528175,
            0.10593720525503159,
            0.06093701720237732
        ],
        "coil2": [
            0.08822783082723618,
            0.010732675902545452,
            0.031323034316301346
        ],
        "coil3": [
            -0.08248591423034668,
            0.009403571486473083,
            0.03355025500059128
        ],
        "coil4": [
            -0.03254135325551033,
            0.10384220629930496,
            0.05961364507675171
        ]
    },
    "HeadCoilCoordinateSystem": "ElektaNeuromag",
    "HeadCoilCoordinateUnits": "m",
    "AnatomicalLandmarkCoordinates": {
        "NAS": [
            3.980475948850426e-09,
            0.10669584572315216,
            2.9841462634294658e-09
        ],
        "LPA": [
            -0.07242956012487411,
            8.02608646210956e-09,
            1.116577852400269e-08
        ],
        "RPA": [
            0.07765253633260727,
            1.164882235116238e-08,
            1.3795791176107741e-08
        ],
        "coil1": [
            0.029952699318528175,
            0.10593720525503159,
            0.06093701720237732
        ],
        "coil2": [
            0.08822783082723618,
            0.010732675902545452,
            0.031323034316301346
        ],
        "coil3": [
            -0.08248591423034668,
            0.009403571486473083,
            0.03355025500059128
        ],
        "coil4": [
            -0.03254135325551033,
            0.10384220629930496,
            0.05961364507675171
        ]
    },
    "AnatomicalLandmarkCoordinateSystem": "ElektaNeuromag",
    "AnatomicalLandmarkCoordinateUnits": "m"
}
