onset	duration	trial_type
0.03380309859153385	56.85681183098586	HoldL
