{
    "MEGCoordinateSystem": "ElektaNeuromag",
    "MEGCoordinateUnits": "m",
    "MEGCoordinateSystemDescription": "RAS orientation and the origin between the ears",
    "HeadCoilCoordinates": {
        "NAS": [
            -8.507052839945572e-09,
            0.1011085957288742,
            -1.453113007698903e-08
        ],
        "LPA": [
            -0.08098597824573517,
            1.6039848560467362e-08,
            -2.0754669094458222e-09
        ],
        "RPA": [
            0.07671255618333817,
            -8.729244882488274e-09,
            -1.8985119254466554e-08
        ],
        "coil1": [
            0.051001083105802536,
            0.0949418842792511,
            0.04017862677574158
        ],
        "coil2": [
            0.07548943907022476,
            -0.0260723028331995,
            0.024563349783420563
        ],
        "coil3": [
            -0.06669216603040695,
            -0.04639973118901253,
            -0.005335122346878052
        ],
        "coil4": [
            -0.03313906863331795,
            0.1098567470908165,
            0.04271279647946358
        ]
    },
    "HeadCoilCoordinateSystem": "ElektaNeuromag",
    "HeadCoilCoordinateUnits": "m",
    "AnatomicalLandmarkCoordinates": {
        "NAS": [
            -8.507052839945572e-09,
            0.1011085957288742,
            -1.453113007698903e-08
        ],
        "LPA": [
            -0.08098597824573517,
            1.6039848560467362e-08,
            -2.0754669094458222e-09
        ],
        "RPA": [
            0.07671255618333817,
            -8.729244882488274e-09,
            -1.8985119254466554e-08
        ],
        "coil1": [
            0.051001083105802536,
            0.0949418842792511,
            0.04017862677574158
        ],
        "coil2": [
            0.07548943907022476,
            -0.0260723028331995,
            0.024563349783420563
        ],
        "coil3": [
            -0.06669216603040695,
            -0.04639973118901253,
            -0.005335122346878052
        ],
        "coil4": [
            -0.03313906863331795,
            0.1098567470908165,
            0.04271279647946358
        ]
    },
    "AnatomicalLandmarkCoordinateSystem": "ElektaNeuromag",
    "AnatomicalLandmarkCoordinateUnits": "m"
}
