onset	duration	trial_type
0.0	300.0	rest
303.8551112676057	26.947508450704163	MoveL
425.58751577464795	92.10848422535219	MoveL
533.053	77.43650000000002	MoveL
701.283	79.21389887323937	MoveL
931.8248873239437	28.563618309858953	MoveL
972.8364194366197	60.989290704225596	MoveL
1048.3826028169015	24.690897183098514	MoveL
1093.9624301408448	102.90185971830988	MoveL
