{
    "MEGCoordinateSystem": "ElektaNeuromag",
    "MEGCoordinateUnits": "m",
    "MEGCoordinateSystemDescription": "RAS orientation and the origin between the ears",
    "HeadCoilCoordinates": {
        "NAS": [
            -1.7178365396830486e-09,
            0.08769798278808594,
            2.3132429305405822e-10
        ],
        "LPA": [
            -0.0741959884762764,
            3.664892389565466e-09,
            -4.4783288188909864e-10
        ],
        "RPA": [
            0.07242989540100098,
            1.0015484441794342e-08,
            -3.8258076706654265e-09
        ],
        "coil1": [
            0.04126112535595894,
            0.07837092131376266,
            0.050622787326574326
        ],
        "coil2": [
            0.07605991512537003,
            -0.013515472412109375,
            0.026943957433104515
        ],
        "coil3": [
            -0.07577252388000488,
            -0.009629622101783752,
            0.028981437906622887
        ],
        "coil4": [
            -0.02601095475256443,
            0.0863102450966835,
            0.05701303109526634
        ]
    },
    "HeadCoilCoordinateSystem": "ElektaNeuromag",
    "HeadCoilCoordinateUnits": "m",
    "AnatomicalLandmarkCoordinates": {
        "NAS": [
            -1.7178365396830486e-09,
            0.08769798278808594,
            2.3132429305405822e-10
        ],
        "LPA": [
            -0.0741959884762764,
            3.664892389565466e-09,
            -4.4783288188909864e-10
        ],
        "RPA": [
            0.07242989540100098,
            1.0015484441794342e-08,
            -3.8258076706654265e-09
        ],
        "coil1": [
            0.04126112535595894,
            0.07837092131376266,
            0.050622787326574326
        ],
        "coil2": [
            0.07605991512537003,
            -0.013515472412109375,
            0.026943957433104515
        ],
        "coil3": [
            -0.07577252388000488,
            -0.009629622101783752,
            0.028981437906622887
        ],
        "coil4": [
            -0.02601095475256443,
            0.0863102450966835,
            0.05701303109526634
        ]
    },
    "AnatomicalLandmarkCoordinateSystem": "ElektaNeuromag",
    "AnatomicalLandmarkCoordinateUnits": "m"
}
