{
    "MEGCoordinateSystem": "ElektaNeuromag",
    "MEGCoordinateUnits": "m",
    "MEGCoordinateSystemDescription": "RAS orientation and the origin between the ears",
    "HeadCoilCoordinates": {
        "NAS": [
            -6.159761589685786e-09,
            0.10327636450529099,
            5.81688919254475e-09
        ],
        "LPA": [
            -0.07625137269496918,
            4.5467615450434096e-08,
            -7.027520787517005e-09
        ],
        "RPA": [
            0.07028785347938538,
            1.224498191731982e-08,
            -5.7632689731690334e-09
        ],
        "coil1": [
            0.05822579935193062,
            0.08508384227752686,
            0.04089977219700813
        ],
        "coil2": [
            0.07558542490005493,
            -0.00550592876970768,
            0.03175080940127373
        ],
        "coil3": [
            -0.07882609963417053,
            -0.0048705232329666615,
            0.030064411461353302
        ],
        "coil4": [
            -0.05704081058502197,
            0.08626550436019897,
            0.05174238607287407
        ]
    },
    "HeadCoilCoordinateSystem": "ElektaNeuromag",
    "HeadCoilCoordinateUnits": "m",
    "AnatomicalLandmarkCoordinates": {
        "NAS": [
            -6.159761589685786e-09,
            0.10327636450529099,
            5.81688919254475e-09
        ],
        "LPA": [
            -0.07625137269496918,
            4.5467615450434096e-08,
            -7.027520787517005e-09
        ],
        "RPA": [
            0.07028785347938538,
            1.224498191731982e-08,
            -5.7632689731690334e-09
        ],
        "coil1": [
            0.05822579935193062,
            0.08508384227752686,
            0.04089977219700813
        ],
        "coil2": [
            0.07558542490005493,
            -0.00550592876970768,
            0.03175080940127373
        ],
        "coil3": [
            -0.07882609963417053,
            -0.0048705232329666615,
            0.030064411461353302
        ],
        "coil4": [
            -0.05704081058502197,
            0.08626550436019897,
            0.05174238607287407
        ]
    },
    "AnatomicalLandmarkCoordinateSystem": "ElektaNeuromag",
    "AnatomicalLandmarkCoordinateUnits": "m"
}
