onset	duration	trial_type
8.180349859154944	76.4683422535212	MoveL
141.57001126760565	76.67948873239425	MoveL
