onset	duration	trial_type
0.0	300.0	rest
112.0	8.0	bad_lfp
306.581	81.03899999999999	MoveL
432.715	69.58799999999997	MoveL
564.5512208450704	70.09027915492959	MoveL
692.413	72.35048281690138	MoveL
815.543	100.842503943662	MoveL
