onset	duration	trial_type
27.853753239436628	101.42112929577456	MoveL
