{
    "MEGCoordinateSystem": "ElektaNeuromag",
    "MEGCoordinateUnits": "m",
    "MEGCoordinateSystemDescription": "RAS orientation and the origin between the ears",
    "HeadCoilCoordinates": {
        "NAS": [
            -1.401959215385773e-09,
            0.09548455476760864,
            -1.6202692521005702e-09
        ],
        "LPA": [
            -0.06896869838237762,
            1.562644769137478e-08,
            -4.124228514257311e-09
        ],
        "RPA": [
            0.07060923427343369,
            7.94206034271383e-09,
            -1.3477096771907782e-08
        ],
        "coil1": [
            0.00935771781951189,
            0.10156025737524033,
            0.048243891447782516
        ],
        "coil2": [
            0.0723697766661644,
            -0.031971175223588943,
            -0.0013902460923418403
        ],
        "coil3": [
            -0.06424343585968018,
            -0.04443937540054321,
            0.01669059693813324
        ],
        "coil4": [
            -0.025180786848068237,
            0.09749126434326172,
            0.04676596447825432
        ]
    },
    "HeadCoilCoordinateSystem": "ElektaNeuromag",
    "HeadCoilCoordinateUnits": "m",
    "AnatomicalLandmarkCoordinates": {
        "NAS": [
            -1.401959215385773e-09,
            0.09548455476760864,
            -1.6202692521005702e-09
        ],
        "LPA": [
            -0.06896869838237762,
            1.562644769137478e-08,
            -4.124228514257311e-09
        ],
        "RPA": [
            0.07060923427343369,
            7.94206034271383e-09,
            -1.3477096771907782e-08
        ],
        "coil1": [
            0.00935771781951189,
            0.10156025737524033,
            0.048243891447782516
        ],
        "coil2": [
            0.0723697766661644,
            -0.031971175223588943,
            -0.0013902460923418403
        ],
        "coil3": [
            -0.06424343585968018,
            -0.04443937540054321,
            0.01669059693813324
        ],
        "coil4": [
            -0.025180786848068237,
            0.09749126434326172,
            0.04676596447825432
        ]
    },
    "AnatomicalLandmarkCoordinateSystem": "ElektaNeuromag",
    "AnatomicalLandmarkCoordinateUnits": "m"
}
