{
    "MEGCoordinateSystem": "ElektaNeuromag",
    "MEGCoordinateUnits": "m",
    "MEGCoordinateSystemDescription": "RAS orientation and the origin between the ears",
    "HeadCoilCoordinates": {
        "NAS": [
            -1.0795708771382806e-09,
            0.09402739256620407,
            -1.857293430163054e-09
        ],
        "LPA": [
            -0.06883931159973145,
            -2.7696462012727352e-08,
            1.9048878030503147e-09
        ],
        "RPA": [
            0.07095014303922653,
            -1.9861229105799794e-08,
            -5.220412990780687e-10
        ],
        "coil1": [
            0.027720697224140167,
            0.09623334556818008,
            0.04242510721087456
        ],
        "coil2": [
            0.0715559720993042,
            -0.02390907146036625,
            0.022055083885788918
        ],
        "coil3": [
            -0.07365898787975311,
            -0.019435808062553406,
            0.024102449417114258
        ],
        "coil4": [
            -0.04831315204501152,
            0.0810551866889,
            0.044971268624067307
        ]
    },
    "HeadCoilCoordinateSystem": "ElektaNeuromag",
    "HeadCoilCoordinateUnits": "m",
    "AnatomicalLandmarkCoordinates": {
        "NAS": [
            -1.0795708771382806e-09,
            0.09402739256620407,
            -1.857293430163054e-09
        ],
        "LPA": [
            -0.06883931159973145,
            -2.7696462012727352e-08,
            1.9048878030503147e-09
        ],
        "RPA": [
            0.07095014303922653,
            -1.9861229105799794e-08,
            -5.220412990780687e-10
        ],
        "coil1": [
            0.027720697224140167,
            0.09623334556818008,
            0.04242510721087456
        ],
        "coil2": [
            0.0715559720993042,
            -0.02390907146036625,
            0.022055083885788918
        ],
        "coil3": [
            -0.07365898787975311,
            -0.019435808062553406,
            0.024102449417114258
        ],
        "coil4": [
            -0.04831315204501152,
            0.0810551866889,
            0.044971268624067307
        ]
    },
    "AnatomicalLandmarkCoordinateSystem": "ElektaNeuromag",
    "AnatomicalLandmarkCoordinateUnits": "m"
}
