{
    "MEGCoordinateSystem": "ElektaNeuromag",
    "MEGCoordinateUnits": "m",
    "MEGCoordinateSystemDescription": "RAS orientation and the origin between the ears",
    "HeadCoilCoordinates": {
        "NAS": [
            -1.2185048525736875e-09,
            0.10417213290929794,
            5.851847895144147e-10
        ],
        "LPA": [
            -0.07986486703157425,
            2.1788046922210924e-08,
            8.414300367576288e-10
        ],
        "RPA": [
            0.07966586947441101,
            1.3329673365092276e-08,
            2.925700126610309e-09
        ],
        "coil1": [
            0.04107234254479408,
            0.10369522124528885,
            0.07044310122728348
        ],
        "coil2": [
            0.08509575575590134,
            -0.006307840347290039,
            0.03307850658893585
        ],
        "coil3": [
            -0.08820251375436783,
            -0.00012651066936086863,
            0.03215187415480614
        ],
        "coil4": [
            -0.02163770981132984,
            0.10835976153612137,
            0.0707477256655693
        ]
    },
    "HeadCoilCoordinateSystem": "ElektaNeuromag",
    "HeadCoilCoordinateUnits": "m",
    "AnatomicalLandmarkCoordinates": {
        "NAS": [
            -1.2185048525736875e-09,
            0.10417213290929794,
            5.851847895144147e-10
        ],
        "LPA": [
            -0.07986486703157425,
            2.1788046922210924e-08,
            8.414300367576288e-10
        ],
        "RPA": [
            0.07966586947441101,
            1.3329673365092276e-08,
            2.925700126610309e-09
        ],
        "coil1": [
            0.04107234254479408,
            0.10369522124528885,
            0.07044310122728348
        ],
        "coil2": [
            0.08509575575590134,
            -0.006307840347290039,
            0.03307850658893585
        ],
        "coil3": [
            -0.08820251375436783,
            -0.00012651066936086863,
            0.03215187415480614
        ],
        "coil4": [
            -0.02163770981132984,
            0.10835976153612137,
            0.0707477256655693
        ]
    },
    "AnatomicalLandmarkCoordinateSystem": "ElektaNeuromag",
    "AnatomicalLandmarkCoordinateUnits": "m"
}
