onset	duration	trial_type
0.0	300.0	rest
300.095	201.34774197183094	HoldB
530.5134067605634	167.01309323943656	HoldR
723.7864985915493	81.67919887323944	HoldR
