onset	duration	trial_type
0.0	300.0	rest
304.5663811267606	70.66983295774651	HoldR
399.9996495774649	71.65787661971808	HoldR
493.9921222535211	72.85335521126763	HoldR
601.0271267605633	69.05005436619717	HoldR
690.1693636619718	84.72813492957744	HoldR
