onset	duration	trial_type
22.831792676056352	65.4818433802817	MoveL
