onset	duration	trial_type
0.0676061971830677	3.9549625352110525	HoldR
35.15653774647899	71.92186816901403	HoldR
