{
    "MEGCoordinateSystem": "ElektaNeuromag",
    "MEGCoordinateUnits": "m",
    "MEGCoordinateSystemDescription": "RAS orientation and the origin between the ears",
    "HeadCoilCoordinates": {
        "NAS": [
            -1.1373057162700206e-08,
            0.09762479364871979,
            -8.163407727579397e-10
        ],
        "LPA": [
            -0.07733681797981262,
            2.713164803935797e-08,
            -3.3491360795778746e-09
        ],
        "RPA": [
            0.0759049579501152,
            -2.786833874779404e-09,
            -3.789804026155252e-09
        ],
        "coil1": [
            0.02729475311934948,
            0.10266951471567154,
            0.053924188017845154
        ],
        "coil2": [
            0.08406877517700195,
            -0.007404357194900513,
            0.0307114627212286
        ],
        "coil3": [
            -0.08694112300872803,
            -0.015460829250514507,
            0.029405510053038597
        ],
        "coil4": [
            -0.029493777081370354,
            0.10165125131607056,
            0.05635060742497444
        ]
    },
    "HeadCoilCoordinateSystem": "ElektaNeuromag",
    "HeadCoilCoordinateUnits": "m",
    "AnatomicalLandmarkCoordinates": {
        "NAS": [
            -1.1373057162700206e-08,
            0.09762479364871979,
            -8.163407727579397e-10
        ],
        "LPA": [
            -0.07733681797981262,
            2.713164803935797e-08,
            -3.3491360795778746e-09
        ],
        "RPA": [
            0.0759049579501152,
            -2.786833874779404e-09,
            -3.789804026155252e-09
        ],
        "coil1": [
            0.02729475311934948,
            0.10266951471567154,
            0.053924188017845154
        ],
        "coil2": [
            0.08406877517700195,
            -0.007404357194900513,
            0.0307114627212286
        ],
        "coil3": [
            -0.08694112300872803,
            -0.015460829250514507,
            0.029405510053038597
        ],
        "coil4": [
            -0.029493777081370354,
            0.10165125131607056,
            0.05635060742497444
        ]
    },
    "AnatomicalLandmarkCoordinateSystem": "ElektaNeuromag",
    "AnatomicalLandmarkCoordinateUnits": "m"
}
