{
    "MEGCoordinateSystem": "ElektaNeuromag",
    "MEGCoordinateUnits": "m",
    "MEGCoordinateSystemDescription": "RAS orientation and the origin between the ears",
    "HeadCoilCoordinates": {
        "NAS": [
            -7.341299124163925e-09,
            0.11078326404094696,
            -9.614097962185042e-09
        ],
        "LPA": [
            -0.07826227694749832,
            -1.3239862539649039e-09,
            -1.537234695092593e-08
        ],
        "RPA": [
            0.08006221055984497,
            -6.931927032383101e-09,
            -1.5146738974181062e-08
        ],
        "coil1": [
            0.02391759492456913,
            0.11328766494989395,
            0.052925582975149155
        ],
        "coil2": [
            0.08783072233200073,
            0.006685236934572458,
            0.03230132535099983
        ],
        "coil3": [
            -0.08690889924764633,
            0.01213460136204958,
            0.03378801792860031
        ],
        "coil4": [
            -0.02699088118970394,
            0.11178380250930786,
            0.05573531985282898
        ]
    },
    "HeadCoilCoordinateSystem": "ElektaNeuromag",
    "HeadCoilCoordinateUnits": "m",
    "AnatomicalLandmarkCoordinates": {
        "NAS": [
            -7.341299124163925e-09,
            0.11078326404094696,
            -9.614097962185042e-09
        ],
        "LPA": [
            -0.07826227694749832,
            -1.3239862539649039e-09,
            -1.537234695092593e-08
        ],
        "RPA": [
            0.08006221055984497,
            -6.931927032383101e-09,
            -1.5146738974181062e-08
        ],
        "coil1": [
            0.02391759492456913,
            0.11328766494989395,
            0.052925582975149155
        ],
        "coil2": [
            0.08783072233200073,
            0.006685236934572458,
            0.03230132535099983
        ],
        "coil3": [
            -0.08690889924764633,
            0.01213460136204958,
            0.03378801792860031
        ],
        "coil4": [
            -0.02699088118970394,
            0.11178380250930786,
            0.05573531985282898
        ]
    },
    "AnatomicalLandmarkCoordinateSystem": "ElektaNeuromag",
    "AnatomicalLandmarkCoordinateUnits": "m"
}
