onset	duration	trial_type
0.0	37.31862084507043	HoldL
78.87868600000002	90.28705154929571	HoldL
