{
    "MEGCoordinateSystem": "ElektaNeuromag",
    "MEGCoordinateUnits": "m",
    "MEGCoordinateSystemDescription": "RAS orientation and the origin between the ears",
    "HeadCoilCoordinates": {
        "NAS": [
            -1.2918517811044694e-08,
            0.09632999449968338,
            -7.963790515930214e-09
        ],
        "LPA": [
            -0.06897523999214172,
            3.785231683650636e-09,
            -3.357979228013619e-09
        ],
        "RPA": [
            0.06692714244127274,
            -1.739184085636225e-08,
            9.877241247124857e-10
        ],
        "coil1": [
            0.057310085743665695,
            0.07809077948331833,
            0.04858895018696785
        ],
        "coil2": [
            0.07261889427900314,
            -0.0038003919180482626,
            0.03229345381259918
        ],
        "coil3": [
            -0.0743730440735817,
            -0.00403766892850399,
            0.029155656695365906
        ],
        "coil4": [
            -0.05977361276745796,
            0.07129455357789993,
            0.03642011433839798
        ]
    },
    "HeadCoilCoordinateSystem": "ElektaNeuromag",
    "HeadCoilCoordinateUnits": "m",
    "AnatomicalLandmarkCoordinates": {
        "NAS": [
            -1.2918517811044694e-08,
            0.09632999449968338,
            -7.963790515930214e-09
        ],
        "LPA": [
            -0.06897523999214172,
            3.785231683650636e-09,
            -3.357979228013619e-09
        ],
        "RPA": [
            0.06692714244127274,
            -1.739184085636225e-08,
            9.877241247124857e-10
        ],
        "coil1": [
            0.057310085743665695,
            0.07809077948331833,
            0.04858895018696785
        ],
        "coil2": [
            0.07261889427900314,
            -0.0038003919180482626,
            0.03229345381259918
        ],
        "coil3": [
            -0.0743730440735817,
            -0.00403766892850399,
            0.029155656695365906
        ],
        "coil4": [
            -0.05977361276745796,
            0.07129455357789993,
            0.03642011433839798
        ]
    },
    "AnatomicalLandmarkCoordinateSystem": "ElektaNeuromag",
    "AnatomicalLandmarkCoordinateUnits": "m"
}
