onset	duration	trial_type
0.03380309859176123	131.21569690140814	HoldR
82.03300873239459	6.997124788732435	bad_lfp
