{
    "MEGCoordinateSystem": "ElektaNeuromag",
    "MEGCoordinateUnits": "m",
    "MEGCoordinateSystemDescription": "RAS orientation and the origin between the ears",
    "HeadCoilCoordinates": {
        "NAS": [
            1.2886656186594792e-09,
            0.09942686557769775,
            6.865222168528362e-09
        ],
        "LPA": [
            -0.06561355292797089,
            3.7740079505965696e-08,
            2.873702165118175e-09
        ],
        "RPA": [
            0.06507574021816254,
            3.128857883893943e-08,
            -6.067493174555239e-10
        ],
        "coil1": [
            0.036665916442871094,
            0.09629888087511063,
            0.047225575894117355
        ],
        "coil2": [
            0.07188659906387329,
            -0.0026486217975616455,
            0.03168483078479767
        ],
        "coil3": [
            -0.07286842912435532,
            0.0018151402473449707,
            0.03157862648367882
        ],
        "coil4": [
            -0.026151105761528015,
            0.10005730390548706,
            0.05327184125781059
        ]
    },
    "HeadCoilCoordinateSystem": "ElektaNeuromag",
    "HeadCoilCoordinateUnits": "m",
    "AnatomicalLandmarkCoordinates": {
        "NAS": [
            1.2886656186594792e-09,
            0.09942686557769775,
            6.865222168528362e-09
        ],
        "LPA": [
            -0.06561355292797089,
            3.7740079505965696e-08,
            2.873702165118175e-09
        ],
        "RPA": [
            0.06507574021816254,
            3.128857883893943e-08,
            -6.067493174555239e-10
        ],
        "coil1": [
            0.036665916442871094,
            0.09629888087511063,
            0.047225575894117355
        ],
        "coil2": [
            0.07188659906387329,
            -0.0026486217975616455,
            0.03168483078479767
        ],
        "coil3": [
            -0.07286842912435532,
            0.0018151402473449707,
            0.03157862648367882
        ],
        "coil4": [
            -0.026151105761528015,
            0.10005730390548706,
            0.05327184125781059
        ]
    },
    "AnatomicalLandmarkCoordinateSystem": "ElektaNeuromag",
    "AnatomicalLandmarkCoordinateUnits": "m"
}
