onset	duration	trial_type
0.0	300.0	rest
214.42805915492954	5.239480281690135	bad_lfp
308.876	87.56650000000002	MoveL
431.8025	61.72500000000002	MoveL
521.646	72.15750000000003	MoveL
629.394	76.14149999999995	MoveL
757.1660909859155	67.75795633802818	MoveL
853.6898498591548	42.79472281690141	MoveL
903.1602870422536	26.771607887323967	MoveL
