onset	duration	trial_type
0.0	300.0	rest
300.072	296.0224999999999	HoldL
615.4781907042253	76.29899042253521	HoldL
632.2589261971832	10.918400845070437	bad_lfp
728.21476	61.534740000000056	HoldL
