onset	duration	trial_type
0.10140929577460156	13.250814647887296	MoveL
22.68187915492956	14.636741690140866	MoveL
46.72357999999997	47.189125633802746	MoveL
132.98892591549293	61.97677154929579	MoveL
