{
    "MEGCoordinateSystem": "ElektaNeuromag",
    "MEGCoordinateUnits": "m",
    "MEGCoordinateSystemDescription": "RAS orientation and the origin between the ears",
    "HeadCoilCoordinates": {
        "NAS": [
            -8.047364552510317e-09,
            0.09888553619384766,
            4.773589523665578e-09
        ],
        "LPA": [
            -0.07679621130228043,
            4.040882117806177e-08,
            4.186290425423067e-09
        ],
        "RPA": [
            0.07103341817855835,
            1.7902456406204692e-08,
            -3.7491787452381686e-10
        ],
        "coil1": [
            0.023766884580254555,
            0.10433554649353027,
            0.06720682978630066
        ],
        "coil2": [
            0.07560660690069199,
            0.00543994689360261,
            0.033721741288900375
        ],
        "coil3": [
            -0.080935537815094,
            -0.0006635882891714573,
            0.03069336712360382
        ],
        "coil4": [
            -0.013870753347873688,
            0.10616504400968552,
            0.05989906191825867
        ]
    },
    "HeadCoilCoordinateSystem": "ElektaNeuromag",
    "HeadCoilCoordinateUnits": "m",
    "AnatomicalLandmarkCoordinates": {
        "NAS": [
            -8.047364552510317e-09,
            0.09888553619384766,
            4.773589523665578e-09
        ],
        "LPA": [
            -0.07679621130228043,
            4.040882117806177e-08,
            4.186290425423067e-09
        ],
        "RPA": [
            0.07103341817855835,
            1.7902456406204692e-08,
            -3.7491787452381686e-10
        ],
        "coil1": [
            0.023766884580254555,
            0.10433554649353027,
            0.06720682978630066
        ],
        "coil2": [
            0.07560660690069199,
            0.00543994689360261,
            0.033721741288900375
        ],
        "coil3": [
            -0.080935537815094,
            -0.0006635882891714573,
            0.03069336712360382
        ],
        "coil4": [
            -0.013870753347873688,
            0.10616504400968552,
            0.05989906191825867
        ]
    },
    "AnatomicalLandmarkCoordinateSystem": "ElektaNeuromag",
    "AnatomicalLandmarkCoordinateUnits": "m"
}
