onset	duration	trial_type
0.0	868.4995	rest
174.13919323943662	14.90716647887325	bad_lfp
777.7073904225351	3.1098850704225924	bad_lfp
842.3363377464789	4.157711830985932	bad_lfp
