{
    "MEGCoordinateSystem": "ElektaNeuromag",
    "MEGCoordinateUnits": "m",
    "MEGCoordinateSystemDescription": "RAS orientation and the origin between the ears",
    "HeadCoilCoordinates": {
        "NAS": [
            -7.450580596923828e-09,
            0.10646741092205048,
            -9.313225746154785e-10
        ],
        "LPA": [
            -0.07666686922311783,
            2.9802322387695312e-08,
            0.0
        ],
        "RPA": [
            0.08142876625061035,
            0.0,
            9.778887033462524e-09
        ],
        "coil1": [
            0.06728356331586838,
            0.07441169768571854,
            0.05739837884902954
        ],
        "coil2": [
            0.07783227413892746,
            -0.03377411141991615,
            0.015163403004407883
        ],
        "coil3": [
            -0.06893671303987503,
            -0.04778290167450905,
            0.010833161883056164
        ],
        "coil4": [
            -0.06370767205953598,
            0.06794421374797821,
            0.0396750308573246
        ]
    },
    "HeadCoilCoordinateSystem": "ElektaNeuromag",
    "HeadCoilCoordinateUnits": "m",
    "AnatomicalLandmarkCoordinates": {
        "NAS": [
            -7.450580596923828e-09,
            0.10646741092205048,
            -9.313225746154785e-10
        ],
        "LPA": [
            -0.07666686922311783,
            2.9802322387695312e-08,
            0.0
        ],
        "RPA": [
            0.08142876625061035,
            0.0,
            9.778887033462524e-09
        ],
        "coil1": [
            0.06728356331586838,
            0.07441169768571854,
            0.05739837884902954
        ],
        "coil2": [
            0.07783227413892746,
            -0.03377411141991615,
            0.015163403004407883
        ],
        "coil3": [
            -0.06893671303987503,
            -0.04778290167450905,
            0.010833161883056164
        ],
        "coil4": [
            -0.06370767205953598,
            0.06794421374797821,
            0.0396750308573246
        ]
    },
    "AnatomicalLandmarkCoordinateSystem": "ElektaNeuromag",
    "AnatomicalLandmarkCoordinateUnits": "m"
}
