onset	duration	trial_type
0.0676061971830677	317.3020369014084	rest
453.59684845070433	63.87710676056349	HoldL
547.0477622535213	64.18171887323933	HoldL
632.095472	67.06480816901399	HoldL
718.206412	73.71277999999984	HoldL
810.209494	63.71962619718283	HoldL
