onset	duration	trial_type
0.0	239.9390870422535	rest
241.0545892957747	64.9656847887324	MoveL
269.0	2.0	bad_lfp
366.0955	94.35149999999999	MoveL
504.392841971831	46.039052957746435	MoveL
