{
    "MEGCoordinateSystem": "ElektaNeuromag",
    "MEGCoordinateUnits": "m",
    "MEGCoordinateSystemDescription": "RAS orientation and the origin between the ears",
    "HeadCoilCoordinates": {
        "NAS": [
            7.899286558199492e-09,
            0.10037021338939667,
            1.8143224700395422e-09
        ],
        "LPA": [
            -0.0746346190571785,
            -9.297703940092106e-09,
            1.2582513697623199e-08
        ],
        "RPA": [
            0.07399408519268036,
            -2.8720350542243978e-09,
            1.2180704445086121e-08
        ],
        "coil1": [
            0.0685339942574501,
            0.058502376079559326,
            0.048332273960113525
        ],
        "coil2": [
            0.07662989944219589,
            -0.031254518777132034,
            0.02432001195847988
        ],
        "coil3": [
            -0.07560651004314423,
            -0.024609893560409546,
            0.018432894721627235
        ],
        "coil4": [
            -0.07093480229377747,
            0.051524799317121506,
            0.04680943116545677
        ]
    },
    "HeadCoilCoordinateSystem": "ElektaNeuromag",
    "HeadCoilCoordinateUnits": "m",
    "AnatomicalLandmarkCoordinates": {
        "NAS": [
            7.899286558199492e-09,
            0.10037021338939667,
            1.8143224700395422e-09
        ],
        "LPA": [
            -0.0746346190571785,
            -9.297703940092106e-09,
            1.2582513697623199e-08
        ],
        "RPA": [
            0.07399408519268036,
            -2.8720350542243978e-09,
            1.2180704445086121e-08
        ],
        "coil1": [
            0.0685339942574501,
            0.058502376079559326,
            0.048332273960113525
        ],
        "coil2": [
            0.07662989944219589,
            -0.031254518777132034,
            0.02432001195847988
        ],
        "coil3": [
            -0.07560651004314423,
            -0.024609893560409546,
            0.018432894721627235
        ],
        "coil4": [
            -0.07093480229377747,
            0.051524799317121506,
            0.04680943116545677
        ]
    },
    "AnatomicalLandmarkCoordinateSystem": "ElektaNeuromag",
    "AnatomicalLandmarkCoordinateUnits": "m"
}
