{
    "MEGCoordinateSystem": "ElektaNeuromag",
    "MEGCoordinateUnits": "m",
    "MEGCoordinateSystemDescription": "RAS orientation and the origin between the ears",
    "HeadCoilCoordinates": {
        "NAS": [
            -7.450580596923828e-09,
            0.10334622859954834,
            0.0
        ],
        "LPA": [
            -0.07962773740291595,
            0.0,
            -1.4901161193847656e-08
        ],
        "RPA": [
            0.07689613848924637,
            2.9802322387695312e-08,
            0.0
        ],
        "coil1": [
            0.005523033440113068,
            0.10790658742189407,
            0.04178744554519653
        ],
        "coil2": [
            0.07637312263250351,
            -0.03235821798443794,
            0.009193931706249714
        ],
        "coil3": [
            -0.0760490894317627,
            -0.041822075843811035,
            0.005342145916074514
        ],
        "coil4": [
            -0.022630291059613228,
            0.10423103719949722,
            0.04395204409956932
        ]
    },
    "HeadCoilCoordinateSystem": "ElektaNeuromag",
    "HeadCoilCoordinateUnits": "m",
    "AnatomicalLandmarkCoordinates": {
        "NAS": [
            -7.450580596923828e-09,
            0.10334622859954834,
            0.0
        ],
        "LPA": [
            -0.07962773740291595,
            0.0,
            -1.4901161193847656e-08
        ],
        "RPA": [
            0.07689613848924637,
            2.9802322387695312e-08,
            0.0
        ],
        "coil1": [
            0.005523033440113068,
            0.10790658742189407,
            0.04178744554519653
        ],
        "coil2": [
            0.07637312263250351,
            -0.03235821798443794,
            0.009193931706249714
        ],
        "coil3": [
            -0.0760490894317627,
            -0.041822075843811035,
            0.005342145916074514
        ],
        "coil4": [
            -0.022630291059613228,
            0.10423103719949722,
            0.04395204409956932
        ]
    },
    "AnatomicalLandmarkCoordinateSystem": "ElektaNeuromag",
    "AnatomicalLandmarkCoordinateUnits": "m"
}
